Demographic_1,5000
Demographic_2,5000
Demographic_3,818
Demographic_4,818
Demographic_5,818
Demographic_6,182
Demographic_7,182
Demographic_8,182
Demographic_9,182
Demographic_10,182
Demographic_11,89
Demographic_12,89
Demographic_13,89
Demographic_14,89
Demographic_15,89
Demographic_16,78
Demographic_17,78
Demographic_18,78
Demographic_19,78
Demographic_20,78
Demographic_21,40
Demographic_22,40
Demographic_23,40
Demographic_24,40
Demographic_25,40
Demographic_26,40
Demographic_27,40
Demographic_28,40
Demographic_29,40
Demographic_30,40
Demographic_31,40
Demographic_32,40
Demographic_33,40
Demographic_34,40
Demographic_35,40
Demographic_36,40
Demographic_37,40
Demographic_38,40
Demographic_39,40
Demographic_40,40
