row,of,data
row,of,data
row,of,data
row,of,data
row,of,data
row,of,data
row,of,data
row,of,data
row,of,data
row,of,data
row,of,data
row,of,data
row,of,data
row,of,data
row,of,data
row,of,data
row,of,data
row,of,data
row,of,data
row,of,data
row,of,data
row,of,data
row,of,data
row,of,data
row,of,data
row,of,data
row,of,data
row,of,data
row,of,data
row,of,data
row,of,data
row,of,data
row,of,data
row,of,data
row,of,data
row,of,data
row,of,data
row,of,data
row,of,data
row,of,data
row,of,data
row,of,data
row,of,data
row,of,data
row,of,data
row,of,data
row,of,data
row,of,data
row,of,data
row,of,data
